"Parameter","Mean","2.5%","50%","97.5%","MAP"
"p_S1S2",0.107668651481639,0.0964559485630834,0.107318701208765,0.119654280957195,0.107840950769931
"hr_S1",2.72615942181442,1.10109098654902,2.67904455794222,4.40208123754842,2.29705285710498
"hr_S2",9.62327101854398,7.34273613759272,9.6461532302772,11.9533401897989,9.88677611356431
