"","Strategy","Cost","Effect","Inc_Cost","Inc_Effect","ICER","Status"
"1","No.Treatment",115538.934342009,19.9530484872441,NA,NA,NA,"ND"
"2","Treatment",213755.772031618,20.6389131041584,98216.8376896094,0.685864616914284,143201.493804256,"ND"
