"","Strategy","Cost","Effect","Inc_Cost","Inc_Effect","ICER","Status"
"1","No Treatment",115239.785396405,20.0236559398656,NA,NA,NA,"ND"
"2","Treatment",214157.616951988,20.7229892146165,98917.8315555833,0.699333274750831,141445.910164688,"ND"
