"","Strategy","Cost","Effect","Inc_Cost","Inc_Effect","ICER","Status"
"1","No Treatment",115244.761742488,20.0233006775929,NA,NA,NA,"ND"
"2","Treatment",214165.768999503,20.7225994847677,98921.007257015,0.69929880717477,141457.423124551,"ND"
