"","Strategy","Cost","Effect","Inc_Cost","Inc_Effect","ICER","Status"
"1","No Treatment",159232.068575322,22.0807205897829,NA,NA,NA,"ND"
"2","Treatment",293747.637571365,22.8087936871677,134515.568996043,0.728073097384801,184755.582206258,"ND"
