"","Strategy","Cost","Effect","Inc_Cost","Inc_Effect","ICER","Status"
"1","No Treatment",115244.761742488,20.0233006775929,NA,NA,NA,"ND"
"2","Treatment",444981.452599205,20.7225994847677,329736.690856718,0.69929880717477,471524.743748503,"ND"
